{
	"__comment": "Designed by MinecraftSpace with Cubik Studio - https://cubik.studio",
	"textures": {
		"particle": "blocks/bed_head_top",
		"top": "blocks/bed_head_top",
		"bottom": "blocks/planks_oak",
		"end": "blocks/bed_head_end",
		"side": "blocks/bed_head_side",
		"top2": "blocks/bed_feet_top",
		"end2": "blocks/bed_feet_end",
		"side2": "blocks/bed_feet_side"
	},
	"elements": [
		{
			"from": [ 3, 0, 0 ],
			"to": [ 12, 4, 8 ],
			"faces": {
				"up": { "uv": [ 0, 16, 16, 0 ], "texture": "#top2", "rotation": 90 },
				"north": { "uv": [ 0, 7, 16, 16 ], "texture": "#end2" },
				"west": { "uv": [ 0, 7, 16, 16 ], "texture": "#side2" },
				"east": { "uv": [ 16, 7, 0, 16 ], "texture": "#side2" }
			}
		},
		{
			"from": [ 3, 0, 8 ],
			"to": [ 12, 4, 16 ],
			"faces": {
				"up": { "uv": [ 0, 16, 16, 0 ], "texture": "#top", "rotation": 90 },
				"south": { "uv": [ 0, 7, 16, 16 ], "texture": "#end" },
				"west": { "uv": [ 0, 7, 16, 16 ], "texture": "#side" },
				"east": { "uv": [ 16, 7, 0, 16 ], "texture": "#side" }
			}
		}
	],
	"display": {
		"thirdperson_righthand": {
			"rotation":  [ 75, 45, 0 ],
			"translation":  [ -0.5, 2.5, 2 ],
			"scale":  [ 0.375, 0.375, 0.375 ]
		},
		"thirdperson_lefthand": {
			"rotation":  [ 75, 45, 0 ],
			"translation":  [ -1, 2.5, 2 ],
			"scale":  [ 0.375, 0.375, 0.375 ]
		},
		"firstperson_righthand": {
			"rotation":  [ 19, -164, 0 ],
			"translation":  [ 0, 5, 2 ]
		},
		"firstperson_lefthand": {
			"rotation":  [ 19, -164, 0 ],
			"translation":  [ 0, 5, 2 ]
		},
		"gui": {
			"rotation":  [ 30, 225, 0 ],
			"translation":  [ 0, 3, 0 ],
			"scale":  [ 0.8, 0.8, 0.8 ]
		},
		"ground": {
			"translation":  [ 0, 3, 0 ],
			"scale":  [ 0.3, 0.3, 0.3 ]
		},
		"fixed": {
			"rotation":  [ -90, 0, 0 ],
			"translation":  [ 0.7, 0, -4.1 ],
			"scale":  [ 0.75, 0.75, 0.75 ]
		}
	}
}